Sequence,Length,PositiveCharge
MNFNTQWLNNQNAIKKLISQYAEDCKQNKCSYYFDNTCVYEDGKCYEIN,49,5
MEFFKIFILLLIFFYICFLLYKLYQFSKHRKKLEKKISEIRNELKSNK,48,11
MLYEIQTNRKMPARTWKKNRHSRYCLICRTYFRFIFCCHLFCFPFF,46,9
MPKFTCVICGGTGYIAPGENREDCPQCHGTGKITYSEGQEYSWEKE,46,4
MEHLHPRDVAAVIKALDDAYFDRTKQAP,28,4
MDFFIELLLFIVLSVIIIIVLLNIRIFNKKKK,32,5
MTSEEQFKQLKKELSTFRNQNAELTNQNERLRAENEELKKQLAKLQK,47,10
MDYPKYYDFYVDDQIIIKKDGKVIEEKDLKPHEFEKIKELYKK,43,10
MGDERTKFTFRFYGICEECGARYHPGTCREGGGKR,35,7
MRSSKLTAFLQLSSLKSSDLSDQEYVA,27,3
MGSKFDWSALIWLLIVGGLGAWISNRILGKK,31,4
MTVYKTNKACFDFCKDMLKCDNNLYFCSNDCFKNNFMEYCKEFK,44,7
MSYETGYRTPYTVKFYFDKGNHIYTLHNKDICEDDSDCEEWEITNT,46,4
MSIIYRFEYDPGACRLYFTYNGYPHSVELDGDQVQAWENPENPEPDQD,48,2
MPFEIFTIATLTLVTLASVALGSAVWLRWQLRRLQRRLETLEAR,44,6
MGIYIYILIFLILLVFYILLLKNYKKNEKIKKLEEEIEKLKKLKK,45,11
MDTTERYLKELQEKIKKLEEENLKLRKELEFLREEVRKLKEKQ,43,13
MDFYRHTLCSKRKCISPLLKKHNFFNFTYYSIIFILKNKILFNYFL,46,8
MEKKLKRIMNLIKKNNYIFEQNFYYNFNFHYENYNSIISNFIHTFNI,47,6
MKYETYFPNNQDVYAYIKKNGYHVSYFHEPDKFNHKKIWVEVCKS,45,7
